host_time,clocks.sm,clocks.mem,power.draw,power.limit,temperature.gpu,utilization.gpu,memory.used,clocks_throttle_reasons.active
1790618634.953,2505,10251,29.52,220.00,47,13,1859,0x0000000000000000
1790618635.953,2550,10251,165.52,220.00,61,100,1859,0x0000000000000004
1790618636.953,2550,10251,209.93,220.00,61,100,1859,0x0000000000000004
1790618637.954,2520,10251,209.92,220.00,63,100,1859,0x0000000000000004
1790618638.954,2550,10251,210.77,220.00,63,100,1859,0x0000000000000004
1790618639.955,2550,10251,211.20,220.00,63,100,1859,0x0000000000000004
1790618640.955,2520,10251,211.50,220.00,64,100,1859,0x0000000000000004
1790618641.956,2535,10251,211.58,220.00,64,100,1859,0x0000000000000004
1790618642.956,2550,10251,211.09,220.00,64,100,1859,0x0000000000000004
1790618643.956,2535,10251,210.20,220.00,65,100,1859,0x0000000000000004
1790618644.957,2520,10251,210.50,220.00,65,100,1859,0x0000000000000004
1790618645.958,2535,10251,210.43,220.00,65,100,1859,0x0000000000000004
1790618646.958,2550,10251,210.64,220.00,65,100,1859,0x0000000000000004
1790618647.958,2535,10251,210.29,220.00,65,100,1859,0x0000000000000004
1790618648.959,2535,10251,210.28,220.00,66,100,1859,0x0000000000000004
1790618649.959,2505,10251,210.24,220.00,67,100,1859,0x0000000000000004
1790618650.959,2535,10251,210.45,220.00,66,100,1859,0x0000000000000004
1790618651.960,2535,10251,210.43,220.00,66,100,1859,0x0000000000000004
1790618652.960,2550,10251,209.88,220.00,66,100,1859,0x0000000000000004
1790618653.961,2535,10251,210.09,220.00,66,100,1859,0x0000000000000004
1790618654.961,2520,10251,209.96,220.00,67,100,1859,0x0000000000000004
1790618655.962,2520,10251,210.45,220.00,67,100,1859,0x0000000000000004
1790618656.962,2520,10251,210.31,220.00,67,100,1859,0x0000000000000004
1790618657.962,2535,10251,210.00,220.00,67,100,1859,0x0000000000000004
1790618658.963,2550,10251,210.35,220.00,67,100,1859,0x0000000000000004
1790618659.963,2535,10251,210.01,220.00,67,100,1859,0x0000000000000004
1790618660.964,2535,10251,210.21,220.00,67,100,1859,0x0000000000000004
1790618661.964,2520,10251,210.01,220.00,68,100,1859,0x0000000000000004
1790618662.965,2520,10251,210.24,220.00,68,100,1859,0x0000000000000004
1790618663.965,2520,10251,210.28,220.00,68,100,1859,0x0000000000000004
1790618664.965,2535,10251,210.29,220.00,67,100,1859,0x0000000000000004
1790618665.966,2535,10251,210.18,220.00,67,100,1859,0x0000000000000004
1790618666.966,2535,10251,210.08,220.00,67,100,1859,0x0000000000000004
1790618667.966,2535,10251,210.29,220.00,67,100,1859,0x0000000000000004
1790618668.967,2520,10251,210.20,220.00,68,100,1859,0x0000000000000004
1790618669.967,2520,10251,210.01,220.00,68,100,1859,0x0000000000000004
1790618670.968,2505,10251,210.22,220.00,68,100,1859,0x0000000000000004
1790618671.968,2520,10251,210.34,220.00,68,100,1859,0x0000000000000004
1790618672.969,2520,10251,210.34,220.00,68,100,1859,0x0000000000000004
1790618673.969,2535,10251,210.40,220.00,67,100,1859,0x0000000000000004
1790618674.970,2535,10251,210.34,220.00,67,100,1859,0x0000000000000004
1790618675.970,2520,10251,210.10,220.00,67,100,1859,0x0000000000000004
1790618676.971,2520,10251,210.15,220.00,67,100,1859,0x0000000000000004
1790618677.971,2550,10251,210.32,220.00,67,100,1859,0x0000000000000004
1790618678.972,2535,10251,210.29,220.00,68,100,1859,0x0000000000000004
1790618679.972,2550,10251,210.16,220.00,68,100,1859,0x0000000000000004
1790618680.972,2535,10251,210.37,220.00,69,100,1859,0x0000000000000004
1790618681.973,2520,10251,210.46,220.00,68,100,1859,0x0000000000000004
1790618682.973,2520,10251,210.25,220.00,68,100,1859,0x0000000000000004
1790618683.973,2505,10251,210.27,220.00,68,100,1859,0x0000000000000004
1790618684.974,2505,10251,210.50,220.00,68,100,1859,0x0000000000000004
1790618685.974,2520,10251,210.35,220.00,68,100,1859,0x0000000000000004
1790618686.975,2520,10251,210.11,220.00,68,100,1859,0x0000000000000004
1790618687.975,2550,10251,210.43,220.00,68,100,1859,0x0000000000000004
1790618688.976,2535,10251,210.27,220.00,67,100,1859,0x0000000000000004
1790618689.976,2550,10251,209.94,220.00,68,100,1859,0x0000000000000004
1790618690.976,2550,10251,210.22,220.00,68,100,1859,0x0000000000000004
1790618691.977,2535,10251,210.16,220.00,69,100,1859,0x0000000000000004
1790618692.977,2520,10251,210.46,220.00,68,100,1859,0x0000000000000004
1790618693.978,2535,10251,209.98,220.00,68,100,1859,0x0000000000000004
1790618694.978,2520,10251,208.75,220.00,68,100,1859,0x0000000000000004
1790618695.979,2505,10251,209.03,220.00,68,100,1859,0x0000000000000004
1790618696.979,2520,10251,209.17,220.00,67,100,1859,0x0000000000000004
1790618697.980,2535,10251,209.51,220.00,67,100,1859,0x0000000000000004
1790618698.980,2535,10251,210.23,220.00,67,100,1859,0x0000000000000004
1790618699.980,2550,10251,210.23,220.00,68,100,1859,0x0000000000000004
1790618700.981,2550,10251,210.08,220.00,68,100,1859,0x0000000000000004
1790618701.981,2535,10251,210.29,220.00,68,100,1859,0x0000000000000004
1790618702.982,2535,10251,210.40,220.00,69,100,1859,0x0000000000000004
1790618703.982,2520,10251,210.45,220.00,68,100,1859,0x0000000000000004
1790618704.983,2505,10251,210.24,220.00,68,100,1859,0x0000000000000004
1790618705.983,2505,10251,210.37,220.00,68,100,1859,0x0000000000000004
1790618706.983,2520,10251,210.17,220.00,68,100,1859,0x0000000000000004
1790618707.984,2520,10251,209.98,220.00,67,100,1859,0x0000000000000004
1790618708.984,2535,10251,210.23,220.00,67,100,1859,0x0000000000000004
1790618709.985,2550,10251,210.22,220.00,68,100,1859,0x0000000000000004
1790618710.985,2550,10251,210.00,220.00,69,100,1859,0x0000000000000004
1790618711.985,2550,10251,209.02,220.00,68,100,1859,0x0000000000000004
1790618712.986,2535,10251,209.09,220.00,68,100,1859,0x0000000000000004
1790618713.986,2535,10251,210.05,220.00,69,100,1859,0x0000000000000004
1790618714.987,2535,10251,208.84,220.00,68,100,1859,0x0000000000000004
1790618715.987,2520,10251,208.75,220.00,68,100,1859,0x0000000000000004
1790618716.987,2505,10251,209.02,220.00,68,100,1859,0x0000000000000004
1790618717.988,2520,10251,209.17,220.00,67,100,1859,0x0000000000000004
1790618718.989,2520,10251,209.64,220.00,68,100,1859,0x0000000000000004
1790618719.989,2520,10251,210.04,220.00,67,100,1859,0x0000000000000004
1790618720.990,2550,10251,210.07,220.00,67,100,1859,0x0000000000000004
1790618721.990,2535,10251,210.13,220.00,68,100,1859,0x0000000000000004
1790618722.990,2535,10251,210.01,220.00,68,100,1859,0x0000000000000004
1790618723.991,2535,10251,209.64,220.00,68,100,1859,0x0000000000000004
1790618724.991,2535,10251,209.23,220.00,68,100,1859,0x0000000000000004
1790618725.991,2520,10251,209.13,220.00,68,100,1859,0x0000000000000004
1790618726.992,2505,10251,210.25,220.00,68,100,1859,0x0000000000000004
1790618727.992,2505,10251,210.14,220.00,68,100,1859,0x0000000000000004
1790618728.993,2520,10251,209.93,220.00,67,100,1859,0x0000000000000004
1790618729.993,2520,10251,210.24,220.00,67,100,1859,0x0000000000000004
1790618730.993,2520,10251,209.95,220.00,67,100,1859,0x0000000000000004
1790618731.994,2505,10251,210.28,220.00,67,100,1859,0x0000000000000004
1790618732.994,2505,10251,210.20,220.00,68,100,1859,0x0000000000000004
1790618733.995,2520,10251,208.80,220.00,68,100,1859,0x0000000000000004
1790618734.995,2520,10251,209.48,220.00,69,100,1859,0x0000000000000004
1790618735.995,2535,10251,210.21,220.00,68,100,1859,0x0000000000000004
1790618736.996,2550,10251,210.00,220.00,68,100,1859,0x0000000000000004
1790618737.996,2535,10251,210.21,220.00,68,100,1859,0x0000000000000004
1790618738.997,2535,10251,210.30,220.00,67,100,1859,0x0000000000000004
1790618739.997,2520,10251,209.99,220.00,68,100,1859,0x0000000000000004
1790618740.998,2520,10251,210.06,220.00,67,100,1859,0x0000000000000004
1790618741.998,2505,10251,210.38,220.00,67,100,1859,0x0000000000000004
1790618742.998,2520,10251,210.18,220.00,68,100,1859,0x0000000000000004
1790618743.999,2520,10251,208.98,220.00,68,100,1859,0x0000000000000004
1790618744.999,2550,10251,210.00,220.00,68,100,1859,0x0000000000000004
1790618746.000,2550,10251,210.07,220.00,68,100,1859,0x0000000000000004
1790618747.000,2550,10251,209.98,220.00,68,100,1859,0x0000000000000004
1790618748.001,2520,10251,210.35,220.00,67,100,1859,0x0000000000000004
1790618749.001,2520,10251,209.03,220.00,67,100,1859,0x0000000000000004
1790618750.001,2520,10251,208.88,220.00,67,100,1859,0x0000000000000004
1790618751.002,2505,10251,209.82,220.00,68,100,1859,0x0000000000000004
1790618752.002,2520,10251,210.07,220.00,68,100,1859,0x0000000000000004
1790618753.003,2520,10251,209.92,220.00,68,100,1859,0x0000000000000004
1790618754.004,2550,10251,210.10,220.00,69,100,1859,0x0000000000000004
1790618755.004,2535,10251,210.16,220.00,68,100,1859,0x0000000000000004
